{
  "timestamp": "2025-08-06T00:39:23.363261",
  "feature_stats": {
    "feature_0": {
      "mean": -0.012353317220208044,
      "std": 0.9064125346665637,
      "min": -1.966066569043835,
      "max": 2.3728283302517594,
      "q25": -0.7227273613436096,
      "q50": -0.06602149842650573,
      "q75": 0.6269644395868471
    },
    "feature_1": {
      "mean": 0.10068205872588398,
      "std": 1.109115107968803,
      "min": -2.7734372202271595,
      "max": 2.400259606280298,
      "q25": -0.6507673163552783,
      "q50": 0.041111792039107656,
      "q75": 0.7841885144124542
    },
    "feature_2": {
      "mean": 0.026813975541933887,
      "std": 0.9937265591304808,
      "min": -2.5982288885405187,
      "max": 2.706880882229364,
      "q25": -0.782483063864317,
      "q50": 0.06108803109412904,
      "q75": 0.7457244295689518
    },
    "feature_3": {
      "mean": -0.11138923375895153,
      "std": 1.0948745101266033,
      "min": -2.193317256954475,
      "max": 3.0556623295329093,
      "q25": -1.0204054657004122,
      "q50": -0.17444005798648549,
      "q75": 0.5930202978795434
    },
    "feature_4": {
      "mean": 0.16778968100540073,
      "std": 0.9632188516248205,
      "min": -2.2976023836211525,
      "max": 2.8239551892779335,
      "q25": -0.5739190473475531,
      "q50": 0.04806459664353824,
      "q75": 0.9255684171200769
    }
  }
}